priority_rank,gene,role,best_axis,best_cos,best_cosmin,best_rank,GATA3_cos,GATA3_rank,STAT6_cos,STAT6_rank,direction,Th2_effector,Th1,Treg,Tcell_activation,nd_rest,nd_stim_max,stim_rest_ratio,sm_tier,sm_ligand_score,degrader_tier,degrader_score,has_uniprot_ubiq,antibody_accessible,n_allergic_disease_loci,n_type2_blood_loci,top_disease_trait,top_disease_p,top_disease_rs,top_disease_study,essentiality_risk,pan_toxic,rest_active,s_phenocopy,s_context,s_degrad,s_genetic,s_safety,priority_score
1,IL4R,candidate,STAT6,0.6608504477567512,0.5828890669586653,2,0.088281614791762,300,0.6608504477567512,2,Th2->Th1 redirection,-2.6334139108657837,1.0940033793449402,0.4631918519735336,1.2073220610618591,2.0,728,243.0,clinical,3.5,high (HQ ligand + ubiquitination),4,False,True,38,32,asthma,1.9999999999999998e-32,rs3024556,GCST90399687,clean,False,False,0.9999999979902892,0.7077872743626211,0.99999999975,0.6859943404868464,1.0,0.8630560392408371
2,ORAI1,candidate,STAT6,0.2704568239818297,0.2447386915477606,18,-0.1105797649812408,746,0.2704568239818297,18,weak/other,-0.2107815495692193,0.4865411147475242,-0.6971642524003983,0.761926531791687,2.0,1249,416.6666666666667,high-quality pocket/ligand,3.0,high (HQ ligand + ubiquitination),4,True,True,0,0,,,,,clean,False,False,0.32041555345312067,0.7772670474402839,0.99999999975,0.0,1.0,0.46759885314664895
3,SMARCA4,candidate,GATA3,0.3460142710890864,0.3418395439526525,3,0.3460142710890864,3,-0.251745957400859,804,Th2 ablation,-2.2109527587890625,-0.8353027403354645,-1.487103447318077,-1.0244127362966535,39.0,300,7.525,high-quality pocket/ligand,3.0,high (HQ ligand + ubiquitination),4,True,False,0,0,,,,,clean,False,False,0.5155601803531447,0.26005135737663493,0.99999999975,0.0,1.0,0.4324563345489276
4,SMAD4,candidate,GATA3,0.2501755972910695,0.2262648367497431,22,0.2501755972910695,22,-0.0637482704970522,625,Th2 ablation,-1.8734905123710632,-0.7931544333696365,-1.854612946510315,-0.8321401327848434,113.0,73,0.6491228070175439,high-quality pocket/ligand,3.0,high (HQ ligand + ubiquitination),4,True,False,7,1,childhood onset asthma,4e-13,rs1893380,GCST007800,clean,False,False,0.28328844887393656,0.0,0.99999999975,0.43723731604458027,1.0,0.4084602860670229
5,KMT2C,candidate (flagged),GATA3,0.308238529034322,0.2606797147847412,6,0.308238529034322,6,-0.2718391632355535,808,Th2 ablation,-0.8937045037746429,-0.9149850606918336,-0.5641552209854126,-0.2585377693176269,452.0,461,1.0198675496688745,high-quality pocket/ligand,3.0,high (HQ ligand + ubiquitination),4,False,False,1,0,allergen exposure measurement,4e-07,rs73164512,GCST90569383,rest-active,False,True,0.3524523992164693,0.002534858436576023,0.99999999975,0.3208444739209659,1.0,0.404076429843321
6,TPD52,candidate (flagged),GATA3,0.5819022737258496,0.5262102881085511,2,0.5819022737258496,2,-0.2108998926777654,792,Th2 ablation,-1.2657302916049955,-0.5315508842468262,-1.7746261358261108,-0.5398522093892097,433.0,120,0.2788018433179723,none,0.0,low,0,False,False,1,1,asthma exacerbation measurement,8e-07,rs113742116,GCST90131478,rest-active,False,True,0.8860920468454929,0.0,0.0,0.3208444739209659,1.0,0.39034333487616396
7,WNK1,candidate (flagged),STAT6,0.2734847887460764,0.2167794536524588,17,-0.1664790161963578,788,0.2734847887460764,17,weak/other,0.5981263965368271,1.02283576130867,0.4327551834285259,1.1048462986946106,331.0,376,1.1355421686746987,high-quality pocket/ligand,3.0,high (HQ ligand + ubiquitination),4,True,False,1,2,atopic eczema,3e-09,rs718389,GCST90503109,rest-active,False,True,0.2642255724966527,0.01637829761164126,0.99999999975,0.3638034375103818,1.0,0.38670546922375215
8,PPP3R1,candidate,STAT6,0.2948067631908864,0.1862700822160368,10,-0.1656431268923692,786,0.2948067631908864,10,weak/other,0.6524854600429535,0.775898814201355,0.4364136308431625,-0.799846887588501,0.0,612,613.0,structural ligand/pocket,2.0,moderate (structural ligand),3,False,True,0,0,,,,,clean,False,False,0.2029105607489817,0.8270136918600043,0.7499999998125,0.0,1.0,0.38642143459664446
9,PHF8,candidate,GATA3,0.2209974319152972,0.1913821511474667,40,0.2209974319152972,40,-0.2643743153198209,807,weak/other,-0.3870797902345657,-0.7055743932723999,-0.857912689447403,0.4204498529434204,10.0,314,28.636363636363637,high-quality pocket/ligand,3.0,high (HQ ligand + ubiquitination),4,False,False,0,0,,,,,clean,False,False,0.21318434063457242,0.43225403060892176,0.99999999975,0.0,1.0,0.3610653252938847
10,KDM3B,candidate,GATA3,0.2507891657893993,0.2454787687133826,21,0.2507891657893993,21,-0.1204475779677604,711,Th2 ablation,-1.6323466897010803,-1.522058129310608,-1.7359248995780945,0.0124376714229583,86.0,139,1.6091954022988506,structural ligand/pocket,2.0,moderate (structural ligand),3,True,False,1,0,allergen exposure measurement,4e-08,rs78702109,GCST90569432,clean,False,False,0.32190289448860737,0.061298911324781845,0.7499999998125,0.3429971702434232,1.0,0.3606750878593248
11,ERCC1,candidate (flagged),STAT6,0.2650755217571253,0.1758247689378983,22,-0.1197495448601062,757,0.2650755217571253,22,weak/other,-0.283689796924591,-0.2724275216460228,0.6989591270685196,-0.0834311246871948,224.0,415,1.8488888888888888,high-quality pocket/ligand,3.0,high (HQ ligand + ubiquitination),4,True,False,1,0,asthma exacerbation measurement,4e-06,rs8109532,GCST011570,rest-active,False,True,0.18191850236810683,0.07918996465549336,0.99999999975,0.2970442628569804,1.0,0.35377053442418116
12,NRAS,candidate (flagged),GATA3,0.2699825936335402,0.2668757802807368,13,0.2699825936335402,13,-0.0427346693342799,579,Th2->Th1 redirection,-0.6624231040477753,1.085484117269516,0.1920892372727394,0.1007580831646919,225.0,374,1.65929203539823,clinical,3.5,high (HQ ligand + ubiquitination),4,True,True,0,0,,,,,rest-active,False,True,0.3649046986506939,0.06524906525174193,0.99999999975,0.0,1.0,0.3407664575280912
13,MLST8,candidate (flagged),GATA3,0.2442504872231146,0.2434801961482557,29,0.2442504872231146,29,-0.2103855184404982,791,Th2 ablation,-1.299085795879364,-0.546687588095665,-0.6159258857369423,1.0257771015167236,297.0,563,1.8926174496644297,clinical,3.5,high (HQ ligand + ubiquitination),4,True,False,0,0,,,,,rest-active,False,True,0.3178863417200689,0.08220197710547435,0.99999999975,0.0,1.0,0.327700614973119
14,PCYT2,candidate (flagged),STAT6,0.2866219327393861,0.26452751333453,12,-0.1623362939677202,782,0.2866219327393861,12,weak/other,0.4629273349419236,1.40545853972435,0.2265455871820449,0.7720284163951874,827.0,723,0.8743961352657005,high-quality pocket/ligand,3.0,high (HQ ligand + ubiquitination),4,False,False,0,0,,,,,rest-active,False,True,0.3601853613253288,0.0,0.99999999975,0.0,1.0,0.32606487641386506
15,RAC2,candidate,STAT6,0.2443060513435324,0.2019142439157351,32,0.017827749484636,478,0.2443060513435324,32,weak/other,0.9930534362792968,-0.0994170717895031,0.2194996662437915,-0.4552756547927856,34.0,1094,31.285714285714285,structural ligand/pocket,2.0,moderate (structural ligand),3,False,True,0,0,,,,,clean,False,False,0.23435080068962988,0.4436553232790717,0.7499999998125,0.0,1.0,0.32075384485968483
16,BRD1,candidate,GATA3,0.2384851964065929,0.194558493938266,30,0.2384851964065929,30,-0.0936549288068934,674,Th2 ablation,-1.1651040315628052,-1.7125417590141296,-1.5415226817131042,-0.543765127658844,64.0,291,4.492307692307692,high-quality pocket/ligand,3.0,high (HQ ligand + ubiquitination),4,True,False,0,0,,,,,clean,False,False,0.21956787088652602,0.19358165278322245,0.99999999975,0.0,1.0,0.31556508531692856
17,SARS2,candidate,GATA3,0.2482845392831331,0.2455224563325133,23,0.2482845392831331,23,-0.0453368287182284,588,Th2->Th1 redirection,-0.5898995846509933,0.6223472654819489,-0.4879245907068252,-0.2664877027273178,76.0,416,5.415584415584416,structural ligand/pocket,2.0,moderate (structural ligand),3,False,False,0,0,,,,,clean,False,False,0.3219906939664108,0.21766577078357602,0.7499999998125,0.0,1.0,0.30622989700745895
18,ACTR8,candidate (flagged),GATA3,0.3071493961255668,0.3070546137223318,7,0.3071493961255668,7,-0.1120221937987791,702,Th2 ablation,-1.4883312582969666,0.2551061362028122,-1.7046002745628357,0.1260867118835449,919.0,850,0.925,structural ligand/pocket,2.0,moderate (structural ligand),3,False,False,0,0,,,,,rest-active,False,True,0.4456525321356578,0.0,0.7499999998125,0.0,1.0,0.3059783862099802
19,HDHD3,candidate,STAT6,0.2309975268062102,0.2147565006371888,40,-0.0379752439398791,623,0.2309975268062102,40,weak/other,-0.0375941768288612,-0.2652716040611267,0.6274048089981079,0.515492707490921,69.0,117,1.6857142857142855,high-quality pocket/ligand,3.0,high (HQ ligand + ubiquitination),4,False,False,0,0,,,,,clean,False,False,0.26016002207537486,0.06728470152643506,0.99999999975,0.0,1.0,0.30451294798166817
20,BHLHE40,candidate (flagged),GATA3,0.2590018770466026,0.2452037474418005,16,0.2590018770466026,16,-0.2786420660146235,811,Th2 ablation,-2.503826141357422,-1.622620940208435,-0.6068529784679413,0.2010031268000602,464.0,1996,4.294623655913979,none,0.0,"handle only (ubiquitinated, no ligand)",1,True,False,3,0,atopic eczema,2e-10,rs11130215,GCST90503108,rest-active,False,True,0.3213501812826649,0.1877830155136241,0.2499999999375,0.3834824943771811,1.0,0.2958997901334528
21,SEC14L2,candidate (flagged),GATA3,0.3104238216071853,0.2923982837645982,5,0.3104238216071853,5,-0.1841408194925307,770,Th2 ablation,-1.642959177494049,-1.0088543593883514,-1.6586681604385376,-0.9613232016563416,1140.0,101,0.0893952673093777,structural ligand/pocket,2.0,moderate (structural ligand),3,False,False,0,0,,,,,rest-active,False,True,0.41619754826590266,0.0,0.7499999998125,0.0,1.0,0.2956691418555659
22,MYB,candidate (flagged),GATA3,0.2370128602864431,0.2203737552286791,31,0.2370128602864431,31,-0.085481709316248,660,weak/other,-0.3039329163730144,0.3359656780958175,1.5159271359443665,1.1887779235839844,1324.0,1221,0.9222641509433962,high-quality pocket/ligand,3.0,high (HQ ligand + ubiquitination),4,True,False,0,28,,,,,rest-active,False,True,0.2714490790126711,0.0,0.99999999975,0.0,1.0,0.2950071776044349
23,DOHH,candidate (flagged),GATA3,0.2449314427194333,0.2281190857289268,27,0.2449314427194333,27,-0.0199811394199642,519,Th2 ablation,-1.531560480594635,-0.1144620776176452,-1.0587355494499209,0.9793318808078766,338.0,1562,4.610619469026549,structural ligand/pocket,2.0,moderate (structural ligand),3,False,False,0,0,,,,,rest-active,False,True,0.2870149529803447,0.19693122737530247,0.7499999998125,0.0,1.0,0.2898414789806811
24,CREB1,candidate,STAT6,0.284849899227508,0.1910618997064028,13,0.0151600149741502,486,0.284849899227508,13,Th2 ablation,-0.5366954207420349,0.3297067321836948,-0.0170847401022911,-0.2021866645663976,199.0,488,2.445,none,0.0,possible (PR binder only),2,True,False,1,0,allergen exposure measurement,4e-09,rs73056905,GCST90569453,clean,False,False,0.21254072787080372,0.11519874067324329,0.499999999875,0.3638034375103818,1.0,0.28837986224202544
25,PARP14,candidate (flagged),STAT6,0.2556792894560393,0.1638561220593422,27,-0.1134192305812347,750,0.2556792894560393,27,weak/other,0.0219798535108566,-0.5556018948554993,-0.444202889688313,-0.1350828763097524,373.0,1328,3.553475935828877,high-quality pocket/ligand,3.0,high (HQ ligand + ubiquitination),4,False,True,0,0,,,,,rest-active,False,True,0.15786498407482866,0.16337375466014212,0.99999999975,0.0,1.0,0.2879274953082185
26,NAA40,candidate,GATA3,0.2574428734640382,0.2451952463780288,18,0.2574428734640382,18,-0.0399606657888402,569,Th2 ablation,-0.6633431315422058,-1.2001023292541504,-0.6251341700553894,-0.5116458982229233,88.0,236,2.662921348314607,structural ligand/pocket,2.0,moderate (structural ligand),3,False,False,0,0,,,,,clean,False,False,0.3213330966034176,0.1261998775651243,0.7499999998125,0.0,1.0,0.287706559286721
27,CAPZA1,candidate,STAT6,0.2565364853039835,0.1723263843122756,26,-0.1850975775965005,799,0.2565364853039835,26,weak/other,0.4215946719050407,0.4510776996612549,0.088197698816657,-0.1344740390777588,2.0,54,18.333333333333332,structural ligand/pocket,2.0,moderate (structural ligand),3,False,True,0,0,,,,,clean,False,False,0.1748877611787995,0.37479202745070295,0.7499999998125,0.0,1.0,0.2861691218652204
28,CNOT6L,candidate,STAT6,0.2307338218123289,0.1685901134029881,41,-0.0749207027631726,697,0.2307338218123289,41,weak/other,-0.0571894869208335,0.3476225882768631,0.3875163234770298,-0.0882062911987304,5.0,108,18.166666666666668,structural ligand/pocket,2.0,moderate (structural ligand),3,False,False,0,0,,,,,clean,False,False,0.16737893736796355,0.3736152964572336,0.7499999998125,0.0,1.0,0.283305687332734
29,TEFM,candidate,GATA3,0.2351470057104936,0.2223960518583996,32,0.2351470057104936,32,-0.0681603117654454,634,Th2 ablation,-0.5437144637107849,0.1155718863010406,-0.7233718857169151,-0.0201901197433471,29.0,87,2.933333333333333,structural ligand/pocket,2.0,moderate (structural ligand),3,False,False,0,0,,,,,clean,False,False,0.2755133102888541,0.13866180159160996,0.7499999998125,0.0,1.0,0.27416201888192093
30,ZNF649,candidate,GATA3,0.3210714761761427,0.313069377797629,4,0.3210714761761427,4,-0.1824319039503195,769,Th2 ablation,-2.4312500953674316,-0.4244678113609552,-0.5502611547708511,-0.391171246767044,104.0,1173,11.18095238095238,none,0.0,"handle only (ubiquitinated, no ligand)",1,True,False,0,0,,,,,clean,False,False,0.4577404681557376,0.3110739432421107,0.2499999999375,0.0,1.0,0.2724239524904303
31,PDCL,candidate (flagged),GATA3,0.2472462460989155,0.2331431743503862,25,0.2472462460989155,25,-0.2203792530393467,795,Th2 ablation,-1.4874717593193054,-1.0196718573570251,-2.021631062030792,0.4874974489212036,752.0,1501,1.99468791500664,structural ligand/pocket,2.0,moderate (structural ligand),3,False,False,0,0,,,,,rest-active,False,True,0.2971119178912104,0.08897012069286821,0.7499999998125,0.0,1.0,0.2717831953629972
32,EDC3,candidate (flagged),STAT6,0.2333506057112782,0.1850306765761301,37,-0.0465103663149577,643,0.2333506057112782,37,weak/other,-0.4968709647655487,0.3572897538542747,0.3040021881461143,1.0643227100372314,913.0,777,0.8512035010940919,high-quality pocket/ligand,3.0,high (HQ ligand + ubiquitination),4,False,False,0,0,,,,,rest-active,False,True,0.2004197139110069,0.0,0.99999999975,0.0,1.0,0.2701468998188524
33,TMED9,candidate (flagged),STAT6,0.2655259039019775,0.231580583942973,21,-0.2494415858695176,816,0.2655259039019775,21,weak/other,1.6083019375801086,0.5698714554309845,2.072552502155304,0.0468194782733917,1569.0,2576,1.6414012738853505,structural ligand/pocket,2.0,moderate (structural ligand),3,False,True,0,0,,,,,rest-active,False,True,0.29397156315178236,0.06385222675502192,0.7499999998125,0.0,1.0,0.26566049241662815
34,BRK1,candidate (flagged),STAT6,0.2334155229659014,0.2191537158258631,36,-0.1784940783460991,795,0.2334155229659014,36,weak/other,0.6038157194852829,-0.3417580313980579,0.5617409162223339,-0.7429443597793579,621.0,1276,2.053054662379421,structural ligand/pocket,2.0,moderate (structural ligand),3,False,False,0,0,,,,,rest-active,False,True,0.26899715270956215,0.09268633711703378,0.7499999998125,0.0,1.0,0.2626862708342535
35,TNPO1,candidate (flagged),GATA3,0.2315348036711388,0.2042785116297363,36,0.2315348036711388,36,-0.0892496266540836,666,Th2->Th1 redirection,-0.6615531146526337,0.7363547682762146,-0.1121027767658233,0.8108855485916138,710.0,1448,2.037974683544304,structural ligand/pocket,2.0,moderate (structural ligand),3,False,False,0,0,,,,,rest-active,False,True,0.23910229493003773,0.0917364141393961,0.7499999998125,0.0,1.0,0.2520330860158924
36,PTPRC,candidate (flagged),STAT6,0.3914694467848412,0.3110778520374816,4,-0.1342291085533303,766,0.3914694467848412,4,weak/other,1.476352035999298,1.4686269760131836,1.0240585394203665,-1.0705849528312683,54.0,3225,58.654545454545456,high-quality pocket/ligand,3.0,high (HQ ligand + ubiquitination),4,False,True,14,20,asthma,3e-15,rs76181804,GCST90399687,pan-toxic,True,False,0.45373807742691874,0.5246387199892626,0.99999999975,0.46966821825690647,0.0,0.2324612502446003
37,ITK,candidate (flagged),STAT6,0.2497846780667144,0.2183562296084628,29,0.0092959811054978,503,0.2497846780667144,29,weak/other,1.34604811668396,-1.5471248030662537,-0.974364012479782,-2.8816449642181396,1.0,3392,1696.5,approved drug,4.0,high (HQ ligand + ubiquitination),4,True,False,3,3,asthma,8e-10,rs76493820,GCST90014325,pan-toxic;activation-suppress,True,False,0.2673944360855766,0.9581787037081579,0.99999999975,0.3834824943771811,0.0,0.2324377667663515
38,NFKBIL1,candidate,STAT6,0.2778147232778071,0.1692160902585017,15,-0.0932753713845322,726,0.2778147232778071,15,weak/other,0.8819267749786377,-0.3137063607573509,0.896614596247673,-0.4204458892345428,90.0,953,10.483516483516484,none,0.0,low,0,False,False,6,3,atopic asthma,1e-13,rs34492353,GCST009850,clean,False,False,0.16863696978366147,0.3027749648056589,0.0,0.43723731604458027,1.0,0.22888726139655838
39,TBL1XR1,candidate,STAT6,0.2513843829258007,0.1239793735502837,28,-0.1316971356349477,764,0.2513843829258007,28,weak/other,0.2167908102273941,-0.7714978232979774,-0.8080346286296844,-0.6377416551113129,134.0,426,3.162962962962963,none,0.0,"handle only (ubiquitinated, no ligand)",1,True,False,19,5,asthma,4e-15,rs7626218,GCST010043,clean,False,False,0.07772425392615834,0.14837328711908446,0.2499999999375,0.46966821825690647,1.0,0.22429520084969892
40,TOR1A,candidate,STAT6,0.23415165296648,0.1881654692958519,35,-0.3655987914706489,819,0.23415165296648,35,weak/other,1.4850364923477173,-0.6277908831834793,0.3381689190864563,1.0929977893829346,77.0,58,0.7564102564102564,structural ligand/pocket,2.0,moderate (structural ligand),3,False,True,0,0,,,,,clean,False,False,0.20671974053845807,0.0,0.7499999998125,0.0,1.0,0.22235190915096031
41,ADAM19,candidate (flagged),GATA3,0.2538568944150284,0.2286993767574889,20,0.2538568944150284,20,-0.0548251504631494,607,Th2 ablation,-1.3046466708183289,0.3990775272250175,-1.0696726739406586,0.4032533587887883,242.0,448,1.8477366255144032,none,0.0,low,0,False,True,5,1,asthma,8e-12,rs13355228,GCST90468112,rest-active,False,True,0.2881811700985012,0.07910963709019642,0.0,0.42008402515746024,1.0,0.22170634324187977
42,DGKZ,candidate,GATA3,0.2326691038487375,0.2026365810179359,34,0.2326691038487375,34,-0.1812302092481644,768,Th2 ablation,-0.7726772129535675,-0.1875884495675563,-0.646075502038002,0.4138630926609039,27.0,127,4.571428571428571,none,0.0,possible (PR binder only),2,False,True,0,0,,,,,clean,False,False,0.2358024893289556,0.19583129350446343,0.499999999875,0.0,1.0,0.22169712994102714
43,EIF3L,candidate,GATA3,0.2273181879018216,0.1732331157362441,37,0.2273181879018216,37,-0.1602079891827819,748,weak/other,-0.4460019767284393,0.1194215416908264,-0.990820974111557,0.7390934526920319,141.0,205,1.4507042253521127,structural ligand/pocket,2.0,moderate (structural ligand),3,False,False,0,0,,,,,clean,False,False,0.1767100290687974,0.04793895518067875,0.7499999998125,0.0,1.0,0.22143630117271482
44,PPP4C,candidate,GATA3,0.2478445292534814,0.2439380910459901,24,0.2478445292534814,24,-0.0192831898123426,517,Th2->Th1 redirection,-1.335249423980713,0.5308511555194855,-1.1593051180243492,-0.6329091638326645,135.0,171,1.2647058823529411,none,0.0,possible (PR binder only),2,False,True,0,4,,,,,clean,False,False,0.3188065780183581,0.030259350964045167,0.499999999875,0.0,1.0,0.21763417247423436
45,TASOR,candidate (flagged),STAT6,0.2323518006413427,0.1752481013290643,38,0.0879025751146031,302,0.2323518006413427,38,weak/other,0.5190147012472153,0.1403632126748561,0.3544823676347732,0.2893224433064461,285.0,373,1.3076923076923077,none,0.0,"handle only (ubiquitinated, no ligand)",1,True,False,2,0,asthma,3e-09,rs9813229,GCST010043,rest-active,False,True,0.18075956727552908,0.03456612270588931,0.2499999999375,0.3638034375103818,1.0,0.2111299324527085
46,PDSS1,candidate,GATA3,0.2992740626365915,0.2941788751830219,11,0.2992740626365915,11,-0.0654680839185674,628,Th2 ablation,-0.5824805833399296,-0.5385904163122177,-0.2939246408641338,0.1784047298133373,31.0,384,12.03125,none,0.0,low,0,False,False,0,0,,,,,clean,False,False,0.41977602198064184,0.32051818881876376,0.0,0.0,1.0,0.21102524545697737
47,SMARCE1,candidate (flagged),GATA3,0.2578496075003321,0.2246870596445407,17,0.2578496075003321,17,-0.1425793753007214,730,Th2 ablation,-2.0617637038230896,-1.8864204287528992,-3.6396312713623047,-3.7808878421783447,2379.0,3266,1.372689075630252,structural ligand/pocket,2.0,moderate (structural ligand),3,True,False,32,17,Eczematoid dermatitis,3e-68,rs112401631,GCST007075,rest-active;pan-toxic;activation-suppress,True,True,0.28011757326470643,0.040816390181855976,0.7499999998125,0.9999999998787322,0.0,0.20248177144448062
48,CD3E,candidate (flagged),STAT6,0.2572462074011499,0.2448647586336036,25,-0.0480921662342626,648,0.2572462074011499,25,weak/other,-0.448832631111145,-0.8969190716743469,-3.222964584827423,-5.079167485237122,3.0,5710,1427.75,clinical,3.5,high (HQ ligand + ubiquitination),4,False,True,0,0,,,,,pan-toxic;activation-suppress,True,False,0.32066891183074464,0.9359560648603068,0.99999999975,0.0,0.0,0.1997701328251288
49,PLCG1,candidate (flagged),STAT6,0.265850089828634,0.227343839678853,20,0.0050323631716323,520,0.265850089828634,20,Th2 ablation,-0.6149262879043818,-0.8181434571743011,-3.6073304414749146,-4.642076730728149,2.0,5032,1677.6666666666667,high-quality pocket/ligand,3.0,high (HQ ligand + ubiquitination),4,True,True,0,0,,,,,pan-toxic;activation-suppress,True,False,0.28545693265971406,0.9567402911658117,0.99999999975,0.0,0.0,0.19650319384562492
50,NCAPG2,candidate (flagged),STAT6,0.3505978617317297,0.3230515726524962,5,-0.2102123298811677,808,0.3505978617317297,5,weak/other,1.213551014661789,0.0483945682644844,1.2273538708686829,-0.1956505267880857,670.0,1696,2.529061102831595,none,0.0,low,0,False,False,0,0,,,,,rest-active,False,True,0.47780179246289944,0.11955429672492962,0.0,0.0,1.0,0.19114148670700074
51,DCAF5,candidate,STAT6,0.3219386965061633,0.314728770554204,8,-0.1097703448493051,744,0.3219386965061633,8,weak/other,-0.2410637475550174,0.5939115434885025,-0.5279853492975235,-0.3021582663059234,51.0,158,3.0576923076923075,none,0.0,low,0,False,False,0,0,,,,,clean,False,False,0.46107536761688916,0.1440118366665201,0.0,0.0,1.0,0.19017874599921522
52,SMARCC1,candidate,GATA3,0.3046240656927651,0.2682997057242373,8,0.3046240656927651,8,-0.3226238698318568,816,Th2 ablation,-1.7464483976364136,-0.6687827408313751,-1.344857782125473,-0.5551698058843613,137.0,200,1.4565217391304348,none,0.0,"handle only (ubiquitinated, no ligand)",1,True,False,0,0,,,,,clean,False,False,0.36776637692151576,0.04845463187038024,0.2499999999375,0.0,1.0,0.18840915828410654
53,ID2,candidate (flagged),GATA3,0.2853996053858788,0.2733722839393051,12,0.2853996053858788,12,0.1156496755484432,201,Th2 ablation,-1.8747897148132324,-0.7493994235992432,-1.7114104628562927,-0.2202643360942602,430.0,498,1.1577726218097448,none,0.0,"handle only (ubiquitinated, no ligand)",1,True,False,0,0,,,,,rest-active,False,True,0.37796079188991344,0.018876436243527254,0.2499999999375,0.0,1.0,0.18606156439767518
54,BATF,candidate (flagged),GATA3,0.2263017873104827,0.1887211872109016,38,0.2263017873104827,38,-0.0394675250316496,567,Th2 ablation,-1.983206570148468,-1.227154791355133,-0.957363486289978,-1.486264407634735,376.0,659,1.7506631299734747,none,0.0,low,0,False,False,2,24,atopic eczema,4e-09,rs175714,GCST90503108,rest-active,False,True,0.20783657280623088,0.07215595335156637,0.0,0.3638034375103818,1.0,0.17812485053008953
55,CLCC1,candidate (flagged),STAT6,0.3463682915917231,0.2612997461651146,6,-0.0873688833055685,712,0.3463682915917231,6,weak/other,0.3394637107849121,0.1558439321815967,1.3559584617614746,-1.0747259855270386,238.0,1731,7.246861924686192,none,0.0,low,0,False,True,0,0,,,,,rest-active,False,True,0.3536984829468648,0.25519853019779554,0.0,0.0,1.0,0.17483417507096177
56,FBXO32,candidate (flagged),STAT6,0.4024089271536701,0.3284416037366638,3,0.0103676406602324,497,0.4024089271536701,3,weak/other,-0.1674479693174362,1.2064709067344666,0.9795726835727692,-0.5117122083902359,1354.0,747,0.5520295202952029,none,0.0,low,0,False,False,0,0,,,,,rest-active,False,True,0.48863419587490525,0.0,0.0,0.0,1.0,0.17102196855621682
57,DAP,candidate,GATA3,0.2567789090261922,0.1889678205417014,19,0.2567789090261922,19,-0.1542181730616668,744,Th2 ablation,-1.0867221355438232,-0.610786110162735,-1.4208616763353348,-0.7847824641503394,5.0,265,44.333333333333336,none,0.0,low,0,False,False,0,2,,,,,clean,False,False,0.20833223446241644,0.48856964562477617,0.0,0.0,1.0,0.170630211186801
58,LAT2,candidate,GATA3,0.2610450779503661,0.2430572457046263,14,0.2610450779503661,14,0.0275440516263342,410,weak/other,-0.1884429678320884,-0.543400188209489,0.6765410602092743,0.3594755344092846,192.0,253,1.3160621761658031,none,0.0,"handle only (ubiquitinated, no ligand)",1,True,True,0,0,,,,,clean,False,False,0.31703633366684303,0.035388204824026125,0.2499999999375,0.0,1.0,0.16804035773570028
59,COX15,candidate,GATA3,0.2447079759593889,0.2085674936837001,28,0.2447079759593889,28,-0.0493758143350478,603,Th2 ablation,-0.5414075255393982,-0.6884221658110619,-0.194340780377388,0.0071808993816375,14.0,246,16.466666666666665,none,0.0,low,0,False,True,0,0,,,,,clean,False,False,0.24772190826990476,0.3609556353890081,0.0,0.0,1.0,0.1588937949722683
60,ZAP70,candidate (flagged),STAT6,0.2383164226822254,0.2143569392725678,34,0.0087004159668544,508,0.2383164226822254,34,weak/other,-0.0434377789497375,-0.1557527780532837,-4.170217156410217,-4.867128610610962,82.0,5021,60.506024096385545,high-quality pocket/ligand,3.0,high (HQ ligand + ubiquitination),4,True,True,0,1,,,,,pan-toxic;activation-suppress,True,False,0.2593570193056618,0.5286431377379365,0.99999999975,0.0,0.0,0.15860143370182755
61,NFRKB,candidate (flagged),GATA3,0.2594320102745499,0.2394197095392314,15,0.2594320102745499,15,-0.1152677116415561,706,Th2 ablation,-1.15346360206604,-1.0097878724336624,-1.9434418082237244,-1.5877209901809692,3019.0,2891,0.9576158940397352,none,0.0,"handle only (ubiquitinated, no ligand)",1,True,False,0,0,,,,,rest-active,False,True,0.309725938132194,0.0,0.2499999999375,0.0,1.0,0.1584040783337679
62,TENT2,candidate,STAT6,0.2797726952207147,0.2306511526984382,14,-0.0612146426570073,678,0.2797726952207147,14,weak/other,0.0338187292218208,-0.2906814366579056,0.0330160707235336,-0.2927973642945289,155.0,1357,8.705128205128204,none,0.0,low,0,False,False,0,0,,,,,clean,False,False,0.29210367518837216,0.2788225846715582,0.0,0.0,1.0,0.1580008032502419
63,LEO1,candidate (flagged),STAT6,0.3314542530400935,0.3068006141889475,7,-0.1655200948421219,785,0.3314542530400935,7,weak/other,0.5693179750815034,1.7592117190361023,-0.8647013008594513,-0.4647778496146202,3014.0,2663,0.8835820895522388,none,0.0,low,0,False,False,0,0,,,,,rest-active,False,True,0.44514206654295246,0.0,0.0,0.0,1.0,0.15579972329003336
64,INO80,candidate (flagged),GATA3,0.303466404013581,0.2892269140881016,9,0.303466404013581,9,-0.1681740019949979,758,Th2 ablation,-1.4235440492630005,-1.898207426071167,-1.8823474049568176,-2.037639617919922,340.0,331,0.9736070381231672,structural ligand/pocket,2.0,moderate (structural ligand),3,False,False,2,0,allergen exposure measurement,2e-10,rs76495904,GCST90569451,rest-active;activation-suppress,False,True,0.4098240125352235,0.0,0.7499999998125,0.3834824943771811,0.0,0.1557236111776494
65,UBE2F,candidate,STAT6,0.2675572664555318,0.2125201115991204,19,-0.2170269711095721,810,0.2675572664555318,19,weak/other,1.2076523303985596,0.7086015772074461,1.6251099109649658,1.1554711582139134,7.0,101,12.75,none,0.0,low,0,False,False,0,5,,,,,clean,False,False,0.2556655269846688,0.32799462724342626,0.0,0.0,1.0,0.15508185989331935
66,TMX1,candidate (flagged),STAT6,0.2899927540019462,0.189257719318783,11,-0.0475898599669104,647,0.2899927540019462,11,weak/other,0.5485501289367676,-0.6079173386096954,-0.1755370199680328,-2.554684638977051,0.0,2346,2347.0,none,0.0,low,0,False,True,1,0,allergen exposure measurement,3e-07,rs55691111,GCST90569451,activation-suppress,False,False,0.20891484715109263,0.9999999997033092,0.0,0.3208444739209659,0.0,0.14133252596951432
67,OTUD4,candidate,STAT6,0.3001994482749675,0.2765345805241265,9,0.1558241474067497,139,0.3001994482749675,9,Th2 ablation,-1.1840724647045135,-0.3117428394034505,-0.4573440998792648,0.1693214476108551,27.0,35,1.2857142857142858,none,0.0,low,0,False,False,0,0,,,,,clean,False,False,0.38431609333071826,0.03238215265488981,0.0,0.0,1.0,0.14098706319672935
68,COPS9,candidate,STAT6,0.261644647754843,0.2016163073484781,23,-0.1313301914905585,763,0.261644647754843,23,weak/other,0.1780151855200529,0.1481411755084991,0.1041025519371032,-0.0861808396875858,9.0,88,8.9,none,0.0,low,0,False,False,0,0,,,,,clean,False,False,0.233752034367633,0.28167521713327753,0.0,0.0,1.0,0.13814825545532705
69,ELP5,candidate (flagged),STAT6,0.2605530644329859,0.2411543595360118,24,0.0080609012190738,509,0.2605530644329859,24,weak/other,0.5132720693945885,0.0389832705259323,0.3021426200866699,0.4888755679130554,396.0,570,1.438287153652393,none,0.0,low,0,False,False,0,0,,,,,rest-active,False,True,0.3132120828779922,0.04683132723116055,0.0,0.0,1.0,0.11899049445352936
70,SMARCB1,candidate (flagged),GATA3,0.30176739884947,0.2834538534166137,10,0.30176739884947,10,-0.3095854597187157,814,Th2 ablation,-2.171119213104248,-1.655658796429634,-3.386085033416748,-2.2977975606918335,2129.0,1920,0.9018779342723005,structural ligand/pocket,2.0,moderate (structural ligand),3,True,False,0,0,,,,,rest-active;activation-suppress,False,True,0.3982218304440605,0.0,0.7499999998125,0.0,0.0,0.11575105624716847
71,KPNA1,candidate (flagged),GATA3,0.2331335698689193,0.1475104322736521,33,0.2331335698689193,33,0.0917851890466601,249,weak/other,-0.1792197674512863,0.4262814372777939,0.6588001549243927,-0.0274304449558258,530.0,962,1.8135593220338984,none,0.0,"handle only (ubiquitinated, no ligand)",1,True,False,0,0,,,,,rest-active,False,True,0.12501487559842434,0.0767039792143786,0.2499999999375,0.0,1.0,0.10909600228982423
72,SAMD1,candidate (flagged),STAT6,0.244337240901767,0.2191122510389007,31,0.0115381806974645,494,0.244337240901767,31,weak/other,0.2194719165563583,1.0253768861293793,-0.853241890668869,-0.0067086704075336,382.0,582,1.5221932114882506,none,0.0,low,0,False,False,0,0,,,,,rest-active,False,True,0.2689138204814626,0.05413709304359512,0.0,0.0,1.0,0.10494725577723094
73,COQ3,candidate (flagged),GATA3,0.2241314404688019,0.2205216364116466,39,0.2241314404688019,39,-0.0386992847321639,563,Th2 ablation,-0.6029743999242783,-0.5793983191251755,-0.9307391047477722,0.3242847025394439,698.0,357,0.5121602288984263,none,0.0,low,0,False,False,0,0,,,,,rest-active,False,True,0.27174627741578494,0.0,0.0,0.0,1.0,0.09511119709552472
74,GNS,candidate (flagged),STAT6,0.2321817827589173,0.0984683683341809,39,0.0341562103469531,436,0.2321817827589173,39,weak/other,0.0313873295672237,0.5851074308156967,-0.0536460280418396,0.3708329498767853,369.0,35,0.0972972972972973,none,0.0,low,0,False,True,3,0,allergen exposure measurement,1e-08,rs1269548,GCST90569028,rest-active,False,True,0.026454512503269054,0.0,0.0,0.3429971702434232,1.0,0.09500837193699996
75,PRR12,candidate,GATA3,0.2190208356460192,0.2128104343098019,41,0.2190208356460192,41,-0.2447188663875029,801,Th2 ablation,-0.6594223082065582,-0.1788768568076193,-1.1150997281074524,-0.2612668424844742,51.0,35,0.6923076923076923,none,0.0,low,0,False,False,0,0,,,,,clean,False,False,0.256248991657258,0.0,0.0,0.0,1.0,0.0896871470800403
76,HPS1,candidate (flagged),GATA3,0.2463369656790832,0.2000021422707637,26,0.2463369656790832,26,0.1486052989443741,145,Th2 ablation,-1.31358140707016,0.2089536488056183,0.0033866316080093,0.0908939838409423,248.0,302,1.216867469879518,none,0.0,low,0,False,False,0,0,,,,,rest-active,False,True,0.23050802945887947,0.025290891658109462,0.0,0.0,1.0,0.0857359886422297
77,INPP5F,candidate,STAT6,0.2746618805275094,0.1614416344485669,16,-0.0349540111733519,616,0.2746618805275094,16,weak/other,-0.3695038333535194,-0.0908791702240705,-0.2792596910148859,-0.1274567944929003,38.0,125,3.230769230769231,none,0.0,low,0,False,False,0,0,,,,,clean,False,False,0.15301256236801639,0.15110635217874577,0.0,0.0,1.0,0.08377566726455488
78,CAND1,candidate (flagged),STAT6,0.2388603814516524,0.1420693473996818,33,-0.1016787701719414,734,0.2388603814516524,33,weak/other,0.4873853921890259,0.2048500478267669,0.2314581535756588,-0.0319141894578933,837.0,1158,1.383054892601432,none,0.0,low,0,False,True,0,0,,,,,rest-active,False,True,0.1140798688362303,0.04178574998749134,0.0,0.0,1.0,0.048285104090178874
79,MYO9A,candidate (flagged),STAT6,0.2461985713273188,0.0853050250496163,30,-0.1864365179177292,800,0.2461985713273188,30,weak/other,0.1951798647642135,0.097649683477357,0.6282708272337914,-0.3027406185865402,487.0,526,1.0799180327868851,none,0.0,low,0,False,True,0,0,,,,,rest-active,False,True,0.0,0.009906738918467113,0.0,0.0,1.0,0.0019813477836934227
80,IL2RB,candidate (flagged),GATA3,0.2323275558137818,0.2303667968933272,35,0.2323275558137818,35,-0.3424249820328204,819,Th2 ablation,-3.0075807571411133,-1.619268000125885,-4.415297150611877,-4.615293979644775,,1069,,approved drug,4.0,high (HQ ligand + ubiquitination),4,False,True,4,11,asthma,1e-15,rs228953,GCST90652529,activation-suppress,False,False,0.29153220227005155,,0.99999999975,0.46966821825690647,0.0,
